dierollendewampe,51f03c30-6949-40df-9fc0-77c05a9f45af
mrkingspielt,ab79e06e-77d8-478c-bc96-fb3ce7142a60
jasperforbes,81c54a7c-23a3-45a7-b103-66bf23d8960c
nenthhd,505505c1-5577-4d84-85f0-072506a891fd
zscodex,51277629-1b20-4ae7-a674-459f7a1b8c9a
luca21092007,6f7a1064-8612-4f00-a1db-b1e5a99ecbd1
1vengkron,c4e2e2d3-073c-4d32-978d-8e17a597148e
yaviii,9f8bf237-8837-4f3f-945d-aac6fe0a49a2
binsehrlegit,b45fdde4-78e7-4de1-ad88-5e50cba619b9
hiche,9f0b6928-7f2e-48ed-a4e9-1d3cdc31d67d
gamerlp_xd,77bf7358-7471-472e-9bd7-6e83d89ab3b6
devlayer,129f9030-fc1c-4b58-abae-ef78e444f566
baummontage,302c704a-356a-4c56-9fa6-e288bef304f3
zottmontes,9981801e-816b-4519-8673-70f04294f2c0
archang3l88,cbe08527-6628-41ee-8777-717ff0cef458
zbreezily,24a05458-e208-4594-8215-0ac7c0d8222f
melenninja,cd2cd6e1-8265-4555-8172-5cbcb43387cc
blocky12321,02b15e19-2e0f-4455-b1b5-a80d36c10b25
likemylife,711cc7ab-9904-4494-999a-3244cc5dc0fe
manrbx,48c4ed3f-199d-46bd-aebc-cb13112511bd
jan_12,7dca7dc2-e688-4ac6-b52e-c8a1cb595080
gts11,dd9a2ac3-074d-4d6c-a00e-dabb6723787a
morten_playerhd,51eb91f0-6b6b-43c2-9366-1c813fbd3c94
panget,7afef927-0c86-45e9-aab2-d4bbc350ad0b
devofvictory,42972d95-a24b-4ad3-8726-6f695c3f02ba
pattyxdhd,9c20ab47-be70-46ef-9923-2014c2170af7
thunderlight2,c44e6704-a49c-439a-82eb-55dfe79346c4
blue_pxd,843fc916-3d8f-4fa1-a3b2-1283e6d07e00
gammlerlps,77bf7358-7471-472e-9bd7-6e83d89ab3b6
herobrinepromc,9ae3bffd-c718-4482-8bea-ff0421f507a9
phantom0210,a8440d72-fc67-4f87-bde5-a5912064d13c
mansfield16,15d42d10-ce8b-400a-98f1-c94f3909dff3
geldautomathd,ea304f8b-fd97-4dd3-8aca-abc2e5e7be4b
jaydenskutnick,dc2470b8-96dd-4d9d-a326-3b9ee35c601b
itec16,843fc916-3d8f-4fa1-a3b2-1283e6d07e00
realrusse,2a9c715d-9f8d-4c22-8002-14a80f113d4b
kaufmirnkeks,b5c84a46-8d87-4ac7-8e07-12b53d5731de
leonluca12,b626b448-226e-438b-afc8-c8edf5ea331a
johnnyundcoco,39f5b749-b515-49b9-9d90-64074b06ca16
returnalt2,f48ba209-b846-4806-a88f-92331932f49c
zockehd,c7565a8f-e38f-4e42-bdc1-6b7a98e2ae2b
farbenbomber2701,f2e74a3c-e000-4d16-9256-05d602a4f415
akokiko,efca11d0-ae4e-4e38-879b-8108a3cdd4e6
anxyro,64f24852-bc35-4cda-8f73-477bf8f32302
nolimit_hd,79bd1c42-05be-44a2-98e9-8e4a0f5cf23b
cores_kinga,b516d7ca-957a-4204-bd78-674039d47e9d
mr_robb,397f5c3c-11c3-42d1-a32d-dedfb85f8d22
zachyf,9b28de93-057f-4e9c-a42a-c4f118357d79
garkolymm,dcdda0f5-91fc-4f37-ac55-c59ba39f7de9
dea112,30c6fc8d-97ab-43ce-bf49-b6cb58dfc2bd
flashtunes18,90fe10d9-8a3a-4a14-9fca-787ab561916a
seikojin,83ac7f96-94c5-45d2-8f8e-f9949f5713d6
cid990,a2b3ba1c-43ba-4ea4-9407-718b6f8d9fa6
bashiixs,f3143ada-dfef-41a6-99dc-d6d38e143685
officertermi,6bdcfbec-d06a-4ec9-850e-257b2c040f2c
dasofenkartoffel,022a518c-2aff-43e2-a084-4e7d3a7865e8
nentonde_hd,e07df0f2-7b78-4550-ba18-06838923d223
dynn7,10c049ec-eaf8-4273-af93-0fc5f2a26e66
cbranch,162f18b6-a05a-4c61-ba09-ad3cafdcf196
kayziken,a11f49e6-df2a-42ac-9b71-86fc990fb761
volttower,e71d6234-108d-4c93-8682-f59802af1be9
arumanncea,e9abe16d-6fd9-4d24-b2e1-7e8cecb16744
colin_1704,a0d11294-56a3-49c4-a46a-3d01f5f3f00f
m03021,1f6a9583-4256-40a4-af7e-67622af743e6
r4fagamerbr,64dec51a-a77c-429e-8eac-becfd60e7382
creeperlp2013,5e04f147-3b70-49f5-aaeb-243134a3646e
51joker,17abeb70-d375-496b-ba63-43e84392ec51
vogel_yt,b90d19f1-60b0-4693-895a-1b25a7b342d2
daerja,173142e6-bf2e-40d8-8769-890db262f127
pushcontrol,fb559e67-ae4b-4dfd-bb77-ea0ac0f99ad6
checkerblitz,21184a86-28b9-4427-80ca-ab38959a5f8a
caosflo2,6bde7fcf-1cb9-46dd-b2c9-ea732703366c
meggehd,64b3b40d-7731-4b75-865c-74b54e5d5fa8
rktxjoel,600db3e2-12f2-4148-a15c-bf4d665bf095
tim200806,15fcfedb-cda5-4b62-80c7-566ba3abe74c
schreckenstein9,c68edeb5-633d-418b-936a-73a461474ba7
filipowe_111,203bb52c-7387-48b0-bb91-0e335f778c1b
stalker2b,23c3b2ea-792d-4e54-bc7f-ce48ad9f7202
therobcraft,fee306a1-79df-4977-8b91-c29a23512285
lystx,82e8f5a2-4077-407b-af8b-e8325cad7191
yannick2491998,10c3c1ae-1c47-4ed6-8d79-9ec8c120833a
enedra,f41030ba-4a60-42e0-b940-87250447fc39
suchtgaming,129f9030-fc1c-4b58-abae-ef78e444f566
crazy__dead,e3e47dbf-a8c4-4fa6-b0c8-b8938fe2be36
lila_hiz,9348438e-6acf-47be-b331-46baf959e92d
quark_03,a2bfbe2d-7f37-4a36-9691-2f8ca940875b
startek_tv_grund,cdc411c1-572a-4a57-9ecd-c2c71fd46bd1
zxcronusxz,224787c5-e36e-42fe-aa85-2d531d0ed15a
cryptonicdev,68dedc89-de89-4d5b-841b-aa25bb407e5f
xxbenkreuzxx,dfe83510-0efa-4a64-adc3-3b733f03fcf1
chaoscrafter_,0e9abedb-ab36-4812-92bc-d9804ad0d69b
cyntrixalgorithm,909af5fb-6665-49d9-9a3c-a96fc1efd58c
minecraftflens,7dca7dc2-e688-4ac6-b52e-c8a1cb595080
sarcgasm,57370baa-e722-4f91-87bb-f477a92fd175
igor_67,9b8a8cca-7667-4914-8fb4-059aadeef2fe
djmrtv,09ba79e4-d7c8-4017-bb66-f25220bbe8aa
forte_tiere,b8c6f4e7-f204-4112-b20c-b4b07c18a642
onezeno,0da95474-2a9c-45cd-b765-1a10e1dab4d9
creeper_gameryt,495e0f7c-47a4-488e-b575-522f8fc24acc
bulletsandblades,3fefaf93-cda7-4f14-ba42-ddd4aced4aa8
gts11_yt,dd9a2ac3-074d-4d6c-a00e-dabb6723787a
lol_lypop,fedc7eff-b5e4-4019-988b-93e8c7bc104c
northkong,e90dfcf0-a147-4b6f-b13a-6dea6d9cb257
metaldurio,c9a1d7ec-8794-4650-9f1b-18df742156ec
cupex,93444fbc-2aef-4a09-bf3d-23becbcd9802
votixhd,dd9f3ad8-470c-420c-8d56-3de0200ed75e
lefra,700225be-8aee-41e2-9203-5c2129395383
doenerfreaks,e7fd5de6-30b4-4479-8990-f986789734f6
lineex,de85a532-2bd1-420d-b5cd-388d918f4ab0
paule15,dbb04dd0-93d1-4331-83bd-b9f01dd59f97
legendererkiller,fa740a42-2e17-4847-900e-697dae53dc26
shadow_fighter04,4f306b49-8dc9-4429-9580-f3a504570c10
trapclient,ad204c9a-dd52-4cd1-abea-fc994445b928
stinkefurz,293d8623-bcd9-4158-9966-c18deb7dda09
unrealxv,49be7864-5941-444e-9f86-675bcf1e581e
tim__,6b55cca7-b27e-4f1f-a8bd-d34235b42dc7
theaura21,4fbe76ce-3fcc-446f-a815-f4da58c8e7a2
jcc507,13615527-0148-4bea-8418-a84376c9fab2
pfobos06,89419351-f06c-48ee-b572-654280a1fbf1
tim_,e63f7fe9-a8a5-4eee-b08c-a88f7f963c7a
cryptodecoder,d3602467-9919-46c2-9a9b-767ab6d2e165
herobrine,f84c6a79-0a4e-45e0-879b-cd49ebd4c4e2
ratolp,9123a7de-9a83-4646-ad30-3e46913ff91b
smawmachine,80bd8277-a4ca-4f68-99ad-b7c63183eb93
nicebro12,dfe83510-0efa-4a64-adc3-3b733f03fcf1
he,5b941b63-c9d2-4fb3-bdc0-e0880a63c210
cripsaxman08,7c655f1b-7d47-4921-b36e-36dfd2752a6b
